RegionName,SizeRank,1996-04,1996-05,1996-06,1996-07,1996-08,1996-09,1996-10,1996-11,1996-12,1997-01,1997-02,1997-03,1997-04,1997-05,1997-06,1997-07,1997-08,1997-09,1997-10,1997-11,1997-12,1998-01,1998-02,1998-03,1998-04,1998-05,1998-06,1998-07,1998-08,1998-09,1998-10,1998-11,1998-12,1999-01,1999-02,1999-03,1999-04,1999-05,1999-06,1999-07,1999-08,1999-09,1999-10,1999-11,1999-12,2000-01,2000-02,2000-03,2000-04,2000-05,2000-06,2000-07,2000-08,2000-09,2000-10,2000-11,2000-12,2001-01,2001-02,2001-03,2001-04,2001-05,2001-06,2001-07,2001-08,2001-09,2001-10,2001-11,2001-12,2002-01,2002-02,2002-03,2002-04,2002-05,2002-06,2002-07,2002-08,2002-09,2002-10,2002-11,2002-12,2003-01,2003-02,2003-03,2003-04,2003-05,2003-06,2003-07,2003-08,2003-09,2003-10,2003-11,2003-12,2004-01,2004-02,2004-03,2004-04,2004-05,2004-06,2004-07,2004-08,2004-09,2004-10,2004-11,2004-12,2005-01,2005-02,2005-03,2005-04,2005-05,2005-06,2005-07,2005-08,2005-09,2005-10,2005-11,2005-12,2006-01,2006-02,2006-03,2006-04,2006-05,2006-06,2006-07,2006-08,2006-09,2006-10,2006-11,2006-12,2007-01,2007-02,2007-03,2007-04,2007-05,2007-06,2007-07,2007-08,2007-09,2007-10,2007-11,2007-12,2008-01,2008-02,2008-03,2008-04,2008-05,2008-06,2008-07,2008-08,2008-09,2008-10,2008-11,2008-12,2009-01,2009-02,2009-03,2009-04,2009-05,2009-06,2009-07,2009-08,2009-09,2009-10,2009-11,2009-12,2010-01,2010-02,2010-03,2010-04,2010-05,2010-06,2010-07,2010-08,2010-09,2010-10,2010-11,2010-12,2011-01,2011-02,2011-03,2011-04,2011-05,2011-06,2011-07,2011-08,2011-09,2011-10,2011-11,2011-12,2012-01,2012-02,2012-03,2012-04,2012-05,2012-06,2012-07,2012-08,2012-09,2012-10,2012-11,2012-12,2013-01,2013-02,2013-03,2013-04,2013-05,2013-06,2013-07,2013-08,2013-09,2013-10,2013-11,2013-12,2014-01,2014-02,2014-03,2014-04,2014-05,2014-06,2014-07,2014-08,2014-09,2014-10,2014-11,2014-12,2015-01,2015-02,2015-03,2015-04,2015-05,2015-06,2015-07,2015-08,2015-09,2015-10,2015-11,2015-12,2016-01,2016-02,2016-03,2016-04,2016-05,2016-06,2016-07,2016-08,2016-09,2016-10,2016-11,2016-12,2017-01,2017-02,2017-03
California,1,157900,157800,157500,157300,157000,156800,156900,157200,157500,158100,159000,159800,160000,160300,160600,161000,161300,161900,162600,163700,165000,166400,168100,168100,168000,169500,171900,173000,174300,175300,176600,177900,179000,180000,181100,182800,184400,185700,187000,188800,190600,192400,194300,196300,198700,201300,204200,206900,209600,212300,215000,217500,219900,222400,225000,227500,230000,232900,235900,238700,241400,243600,245500,247700,250000,252200,254200,256200,258600,261300,264100,267000,270100,273500,277200,281200,285500,290100,294400,298800,303200,307500,311500,315800,320100,323900,327400,331400,336000,341200,346800,352700,359000,365700,372600,380100,388600,397900,407600,417000,425500,433200,439900,446100,452000,457700,463400,469700,475900,482000,488500,495600,502700,509000,514700,520200,524200,526300,527700,529400,530700,531600,531800,531300,530000,528200,526300,524500,521800,518900,517300,515900,513700,510700,507000,502600,497900,492700,487600,482200,474700,465900,456100,445700,435100,425100,415300,406000,397000,388600,380700,372900,366400,362200,358700,354400,349800,345400,341700,338700,336200,334600,333300,332000,333500,336600,338200,337900,338300,338000,337000,335500,334200,332800,331300,330000,328300,326000,323600,321500,319000,316800,314800,312500,310300,309000,308100,307400,306800,306200,306000,306600,307900,309800,312100,314800,318000,320900,323800,327600,331700,335500,339900,345700,352700,360300,368000,375100,381300,386800,391200,395000,397800,399800,402100,405000,407700,410100,412300,414500,416800,419000,421100,422900,424400,425700,427500,429900,432500,435200,437700,440300,443200,446000,448700,451700,454000,455800,458300,461100,463600,465700,468700,471900,474400,476900,480300,483700,486500,488900,491600,494800
Texas,2,,,,,,,,,,,81200,81600,82000,82400,82900,83400,84000,84600,84800,84500,84400,84600,85000,85400,85700,86100,86400,86800,87000,87200,87600,87700,87700,88300,88900,89500,90200,91100,91800,92400,93000,93500,93800,94100,94200,94400,94400,94500,94900,95300,95500,95700,96000,96500,97000,97200,97300,97400,97700,97800,98100,98300,98500,98800,99200,99500,99900,100200,100300,100700,101200,101500,101600,101900,102300,102800,103200,103800,104400,104900,105100,105300,105600,106100,106400,106500,106800,107300,107900,107900,107700,107600,108400,109400,110800,112100,113400,114500,115500,116200,116900,117700,118200,118500,119000,119600,120200,120600,121100,121600,121900,122000,122200,122700,123200,123600,123800,124300,125100,125900,126400,126900,127400,128000,128100,128300,128900,129500,130300,131100,131400,131400,131700,132200,132600,132900,133300,133500,133600,133900,134000,133300,131900,130500,129300,128100,127100,126600,126800,127200,127600,128000,128800,129900,130800,131300,131800,132100,132500,132900,133200,133200,132900,133000,131100,127600,125600,125900,125800,125600,125500,125300,124700,124200,123900,123500,123300,123800,124000,123600,123300,123100,122800,122200,121700,121400,121200,120900,121200,121900,122400,122300,122400,122500,122700,122600,122700,122900,123100,123100,123500,124400,125100,125600,126100,126600,127200,128000,128500,129000,129500,129800,130400,131000,131800,132300,133000,133700,134300,135000,135900,136500,137100,137700,138600,139300,140000,141000,142200,143400,144700,145900,146900,148000,149000,149700,150700,152000,153400,154400,155500,156600,158000,159500,160500,160900,161400,161900,162400,162900,163200,163900
New York,3,,,,,,,,,,,,,,,,,,,,,,,,,,,,,,,,,,,,,,,,,,,,,,,,,,,,,,,,,,,,,,,,,,,,,,,,,,,,,,,,,,,,,,,,,,,,,,,,,,,,,,,,,,,,,,,,,,,,,,,,,,,,,,,,,,,,,,,,,333500,333000,332500,331900,330000,327600,325900,324900,323300,320900,318200,316000,313900,312000,310100,309700,300500,285800,277600,277500,276000,274400,272800,271200,269900,268900,268200,267300,268100,269900,270400,268400,266900,265700,264500,263300,262100,260700,259200,258100,257500,256900,255900,254800,254100,253600,253100,252200,251000,250000,248800,247700,246700,245700,245200,245200,244800,244100,243900,244200,244400,244500,244400,244500,244600,244700,244600,244600,244800,245500,246200,246800,247200,247500,247900,248500,249000,249500,249900,249800,249900,250600,251500,252400,253300,253800,253900,254200,254600,255000,255400,255500,256200,257200,258100,258600,259400,260700,261700,262200,263200,264500,265300,265600,266500,267600,268600,269200,270300,272000,274000,276000,278300,280900,284100,288500
Florida,4,86300,86600,86700,86600,86500,86500,86400,86700,86900,87200,87700,88200,88200,88300,88700,89100,89300,89600,89900,90200,90500,91100,91700,92200,92400,92600,92800,92900,93200,93300,93500,93900,94400,95000,95600,96200,96600,96800,97100,97500,98200,98900,99500,99900,100600,101400,102300,102800,103500,104300,105100,105800,106500,107200,108000,108800,109600,110500,111200,111900,112900,113900,114900,115800,116700,117600,118500,119600,120600,121500,122600,123900,125000,126000,127000,128200,129100,130200,131500,132800,133900,135400,136700,138000,139300,140500,141700,143100,144500,146000,147500,149100,150800,152500,154400,156500,158800,161300,164000,167100,170500,174000,177300,180800,184500,188100,192000,196600,201700,207100,212800,218400,223900,229200,234200,238900,242500,245200,247900,250400,252300,253600,254100,254100,253800,252900,251700,250700,249100,246900,244900,242900,240700,238300,235700,232900,229900,226900,223800,220900,217300,213200,208800,204400,200000,195900,192000,188000,184100,180500,176700,172500,169300,167400,165700,163200,160400,157700,155300,153200,151300,149800,148700,147400,146900,146800,146000,144600,143600,142500,141400,140400,139300,137900,136400,135400,134200,132800,131700,131200,130400,129600,128900,128200,127400,126800,126400,126000,125800,126000,126500,127000,127800,128800,129700,130400,131200,132200,133200,134200,135100,136000,137200,138700,140300,141700,143200,145100,147000,148600,150300,152100,153500,154300,155300,156400,157300,158300,159100,160000,161000,162200,163300,164500,165600,166400,167300,168700,170400,171700,173100,174700,176300,177900,179400,180900,182500,183700,184900,186200,187500,188800,190700,192900,194600,196000,198100,200400,202300,203800,204600,205500
Illinois,5,113900,114400,114500,113900,113100,112900,113000,113300,114000,115100,115900,116000,115900,116000,116200,116600,117000,117300,117700,118100,118400,118700,118900,119000,119100,119300,119600,119900,120300,120800,121200,121600,121800,122100,122700,123400,123800,124300,124900,125500,126000,126600,127500,128300,128800,129500,130200,131000,131700,132400,133300,134000,134400,134900,135700,136500,137500,138500,139300,140000,140900,141800,142600,143600,144700,145800,146800,147700,148500,149200,149800,150700,151600,152200,152900,153600,154100,154900,156000,157200,158100,158900,160000,161500,162900,164300,165800,167100,167900,168400,169000,169700,170400,171400,172300,173100,173900,174500,174900,176400,178800,180100,180000,180500,181600,182900,184200,185400,186400,187600,188700,189700,190300,191100,192600,194000,194800,195800,196800,197300,197800,198600,199200,199400,200700,202100,202300,202000,202400,202800,203200,203500,203400,203500,203400,202800,202000,201600,201400,201000,200500,200200,199600,198300,197200,196100,194800,193600,192700,191600,190400,189000,187700,186300,184700,183200,181700,179900,178200,176700,175300,174100,173400,172900,171500,169400,167600,166600,165600,164900,164200,162500,160600,159400,158400,157300,156100,155500,154700,153600,152200,150700,149300,148200,147100,145800,144500,143600,142900,142100,141400,141000,141000,140900,141000,141400,141500,141100,141000,141200,141300,141000,141200,141800,142200,142900,144000,145200,146100,147000,147500,147600,148000,148800,149400,149700,150100,150300,150400,150500,150900,151600,152000,152300,152600,152800,152900,153300,154000,154800,155200,155700,156100,156400,156600,157300,157900,158400,158800,159500,160400,161100,161900,162900,163500,163800,164500,165000,166000,167400,168600,169100
Pennsylvania,6,83300,83700,83800,83600,83700,83900,83900,83700,83800,84000,84200,84600,84800,84700,84800,85100,85200,85300,85500,85800,86100,86400,86700,87200,87500,87600,87600,87800,88000,87800,88100,88600,88900,89100,89500,89700,89900,89900,89900,90100,90100,90200,90400,90700,90900,91200,91700,92200,92500,92800,93200,93700,94100,94300,94700,95100,95400,95700,96000,96500,97300,98100,98500,98800,99300,99900,100300,100800,101400,102000,102600,103100,103400,103900,104500,105300,105900,106700,107300,108200,109000,109800,110700,111500,112200,113100,114000,114800,115700,116800,117900,118800,119600,120600,121300,122000,122800,123500,124500,125600,126600,127500,128600,129600,130500,131500,132700,133800,135000,136200,137500,138700,140000,141100,142100,143200,144300,145000,145500,146100,146700,147400,148100,148900,149500,149900,150400,150900,151100,151000,151100,151600,152300,152900,153200,153400,153800,154100,154300,154200,154000,153700,153400,153300,153200,153200,153200,153100,152900,152900,152600,152200,152300,153100,154000,154100,154000,153700,153100,152600,152300,152100,151900,151800,152100,152400,152500,152300,152100,151800,151400,150800,150200,149600,149000,148700,148600,148200,147600,147200,146500,145900,145500,145300,145000,144800,144500,144200,143600,143000,142900,142900,142800,142700,142900,143000,142900,142900,143300,143800,144200,144100,143900,144000,144200,144500,144600,144700,144900,145200,145200,145200,145200,145300,145400,145600,146000,146500,146800,147000,147000,147200,147300,147200,147300,147400,147300,147300,147700,148300,149000,149600,150200,150700,151100,151500,151400,151600,152200,152800,153200,153400,153900,154700,155500,156000,156600,157200,157800,158200,158600,159200
Ohio,7,88100,88300,88500,88700,88800,89100,89400,89600,89700,90100,90500,90900,91200,91500,91800,92200,92400,92700,93300,93700,94000,94300,94600,95000,95300,95400,95600,95800,96200,96600,96800,97000,97300,97800,98400,98900,99300,99700,100100,100600,101100,101400,101700,102100,102500,102900,103300,103800,104300,105100,105700,106100,106600,106900,107100,107500,107900,108300,108700,109100,109200,109500,110100,110400,110600,110800,111100,111300,111700,112100,112500,112600,112900,113000,113200,113700,114000,114300,114700,115100,115400,115700,116000,116400,116900,117400,117800,118100,118500,119000,119600,120100,120500,120700,120900,121300,121600,121800,122000,122200,122500,122900,123200,123400,123800,124200,124600,124800,125000,125200,125500,125700,125800,126000,126100,126400,126700,126800,126800,126800,126900,126900,126800,126700,126500,126500,126500,126200,125900,125700,125600,125500,125500,125200,124700,124500,124300,123900,123400,123100,122700,122100,121300,120700,120000,119500,119000,118500,118100,117700,117300,116800,116200,115900,115800,115600,115200,114700,114400,114000,113600,113500,113600,113400,113500,114000,114000,113400,113000,112900,112800,112700,112400,111900,111100,110400,110000,109400,108900,108600,108300,108000,107800,107700,107500,107200,106900,106800,106600,106200,106200,106500,106700,107000,107200,107300,107500,107600,107400,107600,107800,108000,108200,108300,108300,108500,108800,109200,109400,109600,110000,110400,110600,110700,110900,111400,111700,111900,112300,112500,112600,112800,113200,113500,113600,113800,114100,114600,115100,115600,116000,116600,117200,117900,118500,118900,119100,119300,119400,119600,120200,120800,121000,121300,121800,122400,123000,123800,124700,125500,126100,126600
Michigan,8,87600,87100,87300,88200,87900,87300,87000,87500,87700,87600,87600,88000,88600,89400,90000,90300,90700,91100,91500,92200,93100,94000,94300,94200,94700,95500,96000,96400,97100,98000,98900,99500,100000,101000,102300,103500,104600,105700,106700,107700,108700,109600,110200,110900,111600,112400,113500,114400,115000,115600,116400,116900,117300,117800,118400,118900,119700,120600,121500,122000,122500,123200,123800,124500,125300,125900,126100,126300,126500,126700,127000,127300,127500,127700,128000,128400,129000,129800,130700,131500,131900,132200,132600,133100,133600,134000,134300,134600,134900,135300,135600,136000,136400,136800,137200,137500,137700,138000,138200,138600,139000,139500,139900,140200,140500,140800,141000,141400,141900,142100,142200,142400,142500,142500,142600,142700,142700,142600,142200,141900,141500,141100,140700,140400,139800,139000,138600,138400,138100,137400,136800,136300,135700,135000,134000,133100,132500,131800,130800,129800,128800,127700,126100,124600,123000,121400,119700,118000,116400,114700,113000,110900,109900,110100,110300,109600,108600,107700,106700,105700,104500,103700,103300,103100,101700,99700,98600,98300,97600,97300,97100,96600,96100,95600,95100,94500,93900,93200,92400,91700,91000,90500,90200,89800,89600,89300,89100,88800,88800,88900,89100,89300,89800,90200,90500,91000,91700,92400,93000,93700,94400,95000,95500,96000,96900,98000,99200,100700,102000,103000,103900,104700,105600,106400,107200,108100,109000,109600,110300,111300,112100,112500,112700,113200,113900,114600,115100,115500,116100,116700,117200,117600,118200,118800,119400,120000,120800,121500,122000,122500,123300,124100,125000,125500,125800,126600,127700,128900,129800,130700,131600,132500
Georgia,9,92000,92400,92600,92700,92700,92900,93300,93700,94000,94300,94700,95000,95200,95700,96200,96900,97600,98000,98500,99000,99500,100000,100600,101300,101700,102100,102600,103400,104000,104700,105500,106000,106500,107400,108100,108500,109000,109800,110600,111500,112100,112700,113500,114100,114800,115800,116900,117800,118400,119100,119800,120400,121200,121800,122600,123200,123700,124100,124900,125600,126300,127000,127600,127900,128100,128400,128600,129000,129600,130200,130500,131000,131400,131900,132100,132500,133100,133600,133800,134300,134700,134800,135000,135600,136000,136500,136800,137100,137500,138000,138300,138800,139500,140000,140300,140800,141200,141300,141600,142100,142600,143200,143900,144300,144800,145500,146200,146600,147100,147800,148300,148900,149600,150300,151100,152000,152400,152800,153200,153600,153900,154500,155100,155500,155900,156200,156600,156900,156800,156300,156000,156000,156200,156300,156500,156500,156600,156500,156200,156000,155900,155300,154500,153900,152900,151800,150800,149800,148500,147200,145800,144100,143100,143100,143000,142400,141400,140200,139200,138500,137600,136800,136300,135900,135800,135800,135400,134700,134300,133900,133000,131800,130600,129200,127800,126500,125200,123600,122300,121200,120100,119200,118500,117900,117300,116700,116100,115600,115100,114600,114400,114200,114300,114400,114600,114900,115300,115800,116300,116700,117200,117600,118000,118500,119100,119700,120400,121300,122300,123300,124100,124800,125500,126100,126700,127400,128100,128700,129300,129800,130300,130800,131400,132100,132600,133100,133900,134900,135700,136600,137700,138700,139600,140500,141500,142600,143400,143900,144400,145100,145800,146700,147400,147900,148600,149700,150600,151500,152500,153300,153900,154400
North Carolina,10,91700,91900,92000,92300,92600,92900,93100,93400,93700,94300,94900,95400,96100,97000,97700,98200,98800,99500,100100,100600,101200,101800,102500,103200,103800,104200,104900,105700,106300,106600,107300,107900,108400,108600,108800,109400,109900,110400,111100,111600,111900,112300,112600,112600,113100,113700,114200,114600,115000,115500,115900,116100,116300,116900,117600,118200,118500,119100,119700,119900,119900,120100,120200,120200,120400,120600,120800,121000,121100,121300,121500,121900,122100,122200,122300,122800,123200,123200,123400,123900,124300,124500,124500,124700,125100,125600,125700,125800,126000,126300,126600,126900,127200,127600,128000,128400,128600,128900,129400,129900,130400,130900,131500,131900,132300,132700,133500,134100,134600,135100,135700,136500,137300,137900,138500,139300,140200,140800,141100,141600,142200,142800,143400,144000,144500,145100,145500,146000,146500,146900,147300,147900,148400,148900,149300,149700,150400,150900,151200,151300,151300,151200,151100,151100,151200,151300,151200,151100,150800,150400,149900,149100,148700,148700,148600,148300,147900,147500,147100,146600,146000,145700,145400,145300,145100,144900,144400,143900,143500,143000,142600,142100,141500,141100,140700,140400,140100,139800,139300,138700,138200,137900,137800,137700,137400,136700,136300,136200,136000,136000,136100,136200,136200,136100,136000,136000,136200,136400,136700,136900,137000,137200,137500,137700,138000,138400,138700,139000,139300,139800,140100,140200,140400,140700,140900,141300,141500,141600,141600,141700,141800,141900,142100,142300,142400,142500,142900,143300,143800,144600,145400,145900,146400,146700,147200,147900,148400,148700,149000,149600,150400,151300,151900,152400,153200,154100,155100,156300,157100,157600,158400,159500
New Jersey,11,140300,139900,139700,139600,139300,139200,139100,139100,139100,139400,139900,140400,140700,141000,141300,141400,141400,141600,141900,142400,142900,143700,144800,145600,146200,146600,146800,146800,146900,147100,147700,148300,148900,149800,150900,152000,152900,153600,154600,155800,157100,158300,159300,160400,161700,163100,164400,165800,167100,168500,170000,171500,173000,174500,176000,177500,179200,180900,182500,184000,185800,187800,189700,191400,193500,195900,198300,200400,202600,204800,207200,209900,212900,215800,218800,222200,225900,229300,232500,235700,238900,242200,245300,248400,251100,253900,256900,259900,262900,265700,268400,271200,274100,276900,279600,282400,285500,288900,292700,296600,300500,304400,308400,312600,316700,320300,324000,327800,331800,335700,339700,343400,346600,349500,352700,355900,358500,360300,362000,363800,365600,366900,367600,367600,367500,367300,366800,365800,364600,363900,363400,363000,362500,362000,360900,359300,357500,355800,354200,352900,351400,349700,347800,345700,343200,340300,337300,334400,331700,329200,326500,323300,320800,319800,318700,316500,314100,311500,309100,307100,305400,304300,303300,302500,301400,299800,298300,297300,295900,294500,293600,292800,291200,289200,287600,286300,284800,283300,281700,279800,278100,276500,275100,273600,272100,270300,268700,267000,265400,264100,263400,262700,262400,262500,262700,262800,263300,263900,264100,264500,265400,266000,266200,266700,267300,267700,268300,269400,270600,272000,273000,273700,274200,274700,275300,276000,276900,277900,278800,279300,279700,280000,279800,279600,280000,280500,280500,280500,281100,282000,282800,283700,284500,285000,285700,286300,286600,286900,287600,288800,290100,290800,291200,292200,293500,294900,296900,299200,300700,301600,303000,304100
Virginia,12,111600,112200,112600,112800,112900,112700,112800,113100,113300,113500,114000,114400,114300,114300,114500,114500,114600,114900,115200,115600,115800,116200,116800,117200,117300,117500,117600,117600,117600,118000,118400,118600,119000,119600,120100,120500,120800,121300,121900,122400,122800,123300,123900,124500,125100,125900,126800,127800,128400,129000,129600,130300,131000,131700,132300,132900,133700,134700,135600,136500,137700,138700,139600,140700,141700,142500,143200,144200,145300,146400,147400,148500,149700,150900,152000,153300,154600,155900,157100,158300,159700,161100,162600,163900,165200,166500,168000,169700,171400,173200,175100,177100,179300,181600,184000,186400,189000,191900,195200,198600,202100,206200,210500,214500,218100,221700,225600,229500,233300,237100,240900,244800,248500,251800,254700,257700,259600,260600,261600,262800,264100,265100,265800,266400,266800,266700,266500,266500,266400,266500,266800,267200,267200,267200,266800,266000,264800,263900,262900,261900,260300,258500,256500,254500,252300,250000,247600,245200,243000,240900,238800,236500,234500,233000,231700,230300,228900,227500,226100,224800,223900,223000,222100,221200,221300,221900,221900,221200,220800,220100,219100,218200,217300,216600,215900,215300,214700,214100,213200,212100,211400,211200,211100,210800,210500,210200,209700,209400,209300,209100,209100,209300,209300,209400,210000,210700,211200,211400,211900,212600,213000,213100,213800,214900,215900,216800,217900,219000,220000,220600,221000,221600,222100,222500,222800,223300,223700,224200,224700,225200,225500,225900,226700,227400,227400,227600,228300,228800,229000,229500,230000,230300,230700,231300,231700,231900,232100,232400,232500,232900,233700,234200,234600,235100,236000,237300,238500,239900,241000,241900,242700,243800
Washington,13,134400,134800,135100,135100,135200,135400,135900,136300,136800,137600,138500,139100,139700,140400,141300,142100,142900,143600,144300,145000,145900,146700,147500,148000,148600,149200,149900,150900,152000,152700,153000,153600,154600,155600,156500,157000,157500,158200,158900,159500,159900,160700,161700,162700,163500,164300,165200,166300,167300,167900,168500,169100,169900,170500,171000,171300,171800,172400,173300,174200,175100,175800,176300,176900,177500,178100,178900,179700,180200,180800,181800,182600,183000,183400,183900,184500,185000,185600,186400,187500,188700,189800,190600,191400,192300,193100,194000,194800,195800,196800,198000,199200,200600,202000,203400,205100,206800,208900,211300,213700,215900,218200,220600,222900,225300,227900,230600,233500,236900,240600,244300,248100,252200,256200,260100,263800,267400,270500,273300,276200,279400,282400,285200,287900,290200,292100,294200,296200,297700,298800,300100,301100,301700,302100,302600,302700,302700,302500,301800,300700,299200,297500,295700,294000,292300,290400,288100,286000,284400,282800,280200,277000,274400,272900,271400,268800,265800,263100,260600,258500,256600,255000,253900,253100,252300,251700,251000,250100,249300,248000,246300,244300,242100,239900,237900,236200,234500,232600,230700,229300,227900,226400,225000,223900,222700,221300,219800,219400,219400,219100,218500,218500,218700,219100,219800,220700,221300,222300,224000,225400,226900,228600,230000,231200,233000,235200,237500,239600,241400,242900,244200,245100,245800,246800,248000,248700,249500,250700,252100,253600,255100,256800,258300,259900,261400,262400,263800,266100,268800,271500,274100,276300,278500,280500,282300,284100,286000,288700,292200,295700,299000,302100,304400,306300,308500,311300,314400,317500,320200,322000,324200,327200
Massachusetts,14,137300,137700,138000,138200,138500,138900,139300,139800,140600,141500,142500,143300,144000,144500,145200,145900,146200,146600,147100,147900,149000,150300,151600,152500,153500,154500,155400,156400,157700,158800,159900,161000,162100,163300,164900,166700,168400,170200,172100,173900,175700,177500,179500,181600,183600,185800,188100,190400,192900,195700,198800,201800,204800,207600,210600,213700,216500,219400,222400,225600,228600,231500,234300,237200,240200,243400,246100,248600,251000,253200,255500,258000,260600,263200,266000,269100,272400,275900,279100,282400,286000,289500,292300,294800,297100,299100,301100,303200,305300,307200,309300,311400,313200,315100,317600,320100,322800,325700,328600,331300,333900,336300,338700,341100,343400,345700,348300,350700,352800,354300,355500,356200,356700,357100,357400,357600,357200,356300,355300,354700,354000,352700,350700,348800,346800,344800,342900,341500,339800,338300,337800,337700,336900,335600,334000,332600,331600,330600,329500,328300,326800,324900,322300,319200,315800,313300,311100,309500,308200,306700,305000,303000,300600,298400,296900,295200,293600,292600,292400,292600,292900,293300,293700,293400,295400,298500,299600,299000,299600,300100,300300,299600,298000,296300,294800,293600,292500,291300,290500,290600,290600,290100,289500,288900,288000,287000,286200,285800,285500,285000,284200,283900,284400,285300,285700,285800,286100,286600,287500,288900,289800,290500,292000,294500,297200,299900,302500,304900,307000,308700,310100,311600,312500,313200,314200,314700,314700,315600,316900,317700,319100,320600,322000,323500,324900,326000,327400,328900,330100,330800,331900,333500,335400,336900,338500,340100,341600,343000,344300,345600,347200,348900,350600,352100,354000,356500,359100,361500,363300,365400,367700,369900
Indiana,15,72100,74200,75200,75400,75200,75200,75400,75600,75700,76300,77500,78500,78500,78400,78700,79300,80000,80800,81500,82300,83000,83400,83500,83600,83600,83700,83900,84200,84500,84800,85100,85500,85600,85300,85500,85900,86100,86400,86800,87300,87400,87400,87600,88000,88000,87900,88400,88900,89100,89400,89800,90000,90300,90600,90800,90900,92600,95700,97700,98500,99400,100000,100500,100900,101500,101900,102000,102100,102200,102200,102200,102300,102200,101900,101800,101900,102000,102000,101800,101700,101400,101400,101500,101500,101600,102000,102200,102400,103000,103800,104900,105800,106600,107200,107800,108500,109100,109700,110600,111600,112800,113900,114700,115200,115600,116000,116600,116900,117400,118000,118800,119500,119700,119600,119400,119600,119500,118900,118000,117800,117600,117300,117100,116900,116600,116700,117200,117800,117800,117000,116600,117000,117400,117400,117200,117100,117200,117000,116700,116700,116900,117300,117600,117800,118100,118100,118100,117900,117300,116600,116000,115400,114800,114300,113900,113500,112800,112100,111500,111000,110800,110800,110800,110600,110900,112000,112600,112300,112200,112500,112900,112800,112500,112600,112700,112500,112300,112100,111600,111200,110700,110500,110300,110000,109800,109600,109400,109300,108600,108100,108100,108300,108200,108300,108100,108200,108600,109100,109200,109400,109800,110100,110200,110400,110700,110800,110800,111200,111700,111700,111700,111700,111600,111400,111400,111700,112200,112500,113000,113400,113700,113800,114000,114300,114500,114900,115300,115800,116200,116700,117300,117400,117400,117500,117700,117800,117700,117200,116800,116700,116800,116900,117100,117400,117700,117800,118100,118600,119200,119800,120300,120400
Arizona,16,103600,103900,104100,104400,104600,104900,105100,105400,105700,106300,106900,107200,107400,107600,108000,108300,108700,109300,109700,110000,110400,111100,111900,112300,112600,113000,113800,114500,114800,114900,115300,115800,116200,116600,116800,117300,118000,118400,118600,118800,119300,119900,120400,121100,122000,122900,124000,125100,125900,126600,127200,127600,128300,129000,129500,129900,130500,131100,131600,132200,132600,132800,133000,133300,133500,133600,134100,134900,135600,136200,136900,137500,138300,139100,139700,140300,141100,141800,142500,143300,144100,145000,145900,146700,147400,148200,149100,149900,150600,151400,152100,153000,154100,155200,156300,157700,158900,160200,162000,164200,166900,170400,174300,178200,182400,186800,191400,196900,203700,211300,219400,227500,234900,241100,246600,251300,254800,257300,259500,261000,261600,261800,261700,261200,260500,259600,258600,257500,256300,255100,253800,252400,251000,249400,247300,245200,243400,241900,239900,237500,234500,231100,227300,223500,219700,216100,212800,209400,206100,202900,199900,196300,194300,194100,193400,191000,188500,185600,182200,179000,176200,173500,170800,168600,165600,162000,159500,158400,157400,156300,155300,153900,151800,149600,147900,146600,145300,143800,142500,141500,140000,138000,136100,134600,133800,133500,133500,133800,134800,136000,137400,138700,140400,142700,145400,148200,150700,152800,154300,155900,157500,159100,160800,162800,164700,166800,169200,171900,174100,176100,177900,179500,180900,182200,182800,182800,183300,183900,184100,184000,184400,185200,186200,187200,188200,189100,190000,190800,191900,192700,193500,194700,196300,197900,199300,200700,202000,203100,204200,205500,206600,207700,209200,210700,211900,213200,215000,216600,218200,219300,220100,220800
Tennessee,17,70300,70700,71000,71400,71600,72000,72100,72400,72700,73100,73600,74100,74400,74700,75100,75500,75900,76200,76700,77300,77800,78400,78900,79400,79800,80400,80800,81200,81600,82100,82600,82900,83100,83400,84000,84200,84200,84400,84600,84700,84900,85100,85300,85300,85500,85800,86200,86700,86900,87200,87500,87800,87900,88100,88300,88600,88900,89200,89500,89800,90200,90400,90500,90700,90800,90800,91000,91200,91400,91500,91700,91900,92100,92300,92400,92700,93100,93300,93400,93800,94300,94500,94800,95200,95700,95900,96200,96600,97100,97500,97900,98100,98500,98800,99200,99400,99600,100000,100600,101000,101400,102000,102600,103100,103400,103800,104500,105000,105600,106400,107200,108000,108700,109600,110400,111300,112100,112600,113000,113600,114300,114800,115300,115800,116400,117100,117700,118200,118700,118900,119200,119600,120000,120300,120400,120600,120900,121000,121100,121100,120800,120500,120200,120000,119800,119700,119600,119500,119200,118800,118300,117800,117800,118600,119400,119700,119600,119400,119300,119100,119100,119000,118900,118800,119200,119600,119700,119400,119300,119200,119000,118800,118500,118300,118200,117900,117500,117100,116700,116500,116200,116200,116200,116100,115800,115500,115300,115500,115500,115300,115000,114800,114900,115200,115400,115700,116000,116300,116400,116700,116800,117000,117300,117500,117800,118000,118200,118400,118600,119000,119200,119400,119600,119800,120000,120500,121200,121700,122100,122400,122600,122700,122800,122900,122900,122900,123300,123700,124100,124500,125000,125400,125900,126600,127600,128400,128700,128900,129200,129800,130400,131000,131600,132300,133100,134100,135200,136400,137500,138200,138900,139800
Missouri,18,80700,81400,82000,82600,83300,83700,83700,83600,84200,85500,86700,87600,88000,88200,88900,89500,90000,90400,91000,91300,91700,92100,92600,93200,93600,94100,94300,94400,94600,94700,94800,95400,96100,96700,97500,98200,98600,99100,100000,101200,102200,102600,102800,103000,103800,104900,105800,106700,107500,108000,108600,109700,110700,111200,111800,112800,113600,114100,114800,115600,116200,117000,117900,118300,118300,118800,119600,120400,121000,121600,122200,122700,123400,124200,124700,124700,125100,126300,127800,128300,127800,127900,128900,130000,130800,131600,132100,132800,133800,134700,135600,136800,137700,137500,136500,135900,135700,136000,136500,137100,137700,138300,138800,139400,140300,141600,142600,143500,144200,144300,144300,144800,145300,145500,145600,145900,146800,147800,148500,148600,148900,149400,150000,150400,150900,151300,151700,151800,151700,151600,151500,151900,152600,153200,152900,152400,151800,151100,150000,149000,148500,148400,148400,148100,147800,147700,147500,147000,146400,146100,146000,145700,145600,145600,145500,144900,144100,143200,142500,142000,141700,141500,141500,141800,140500,138000,136400,136200,135800,135400,135000,134500,133800,132800,131800,130900,130600,130500,130200,129600,128800,128000,127500,127000,126400,125700,124800,123800,123100,122700,122300,122000,121900,121500,121300,121400,121500,121300,121400,121700,122000,122300,122600,122500,122400,122600,123000,123200,123300,123500,123700,123800,124000,124300,124500,124600,124800,125000,125300,125500,125600,125900,126100,126400,126900,127300,127500,127600,127800,128000,128400,128900,129100,129500,130000,130400,130800,131400,132000,132600,133400,134400,135300,136100,136900,137500,138100,138800,139400,139800,140000,140200
Maryland,19,127000,126900,126600,126400,126200,126100,126100,126200,126400,126700,127100,127300,127200,127300,127300,127200,127100,127000,127100,127100,127200,127600,128200,128700,128900,128900,128900,128800,128900,129200,129400,129700,129900,130300,130800,131300,131900,132200,132400,132800,133400,134000,134400,134800,135400,136300,137000,137700,138300,139000,139700,140400,141000,141300,141900,142600,143500,144500,145600,146500,147700,148800,149900,150800,151700,152800,154100,155300,156400,157600,159000,160600,162100,163500,165200,167100,169100,170800,172600,174800,177200,179300,181200,183300,185300,187400,189600,191900,194300,196900,199500,202100,204800,207700,210700,213600,216800,220500,224700,229100,233500,238200,242800,247200,251700,256400,260900,265400,270100,275200,280400,285200,290200,295300,300000,304000,307100,309600,312100,314800,317000,318700,320100,321600,322400,322400,322400,322700,322700,322500,322500,322800,323100,322900,322000,320600,318800,316800,314900,313000,310300,307100,303900,301100,298300,295000,291500,288300,285500,282600,279900,277100,274000,271300,269200,266900,264700,262600,260100,257500,255500,254200,253000,251700,252300,253800,253700,252100,251200,250200,249000,247600,246100,244700,243300,241700,240000,238400,236800,235000,233000,231400,230300,229400,228600,227500,226100,225300,224600,223900,223700,223900,223600,223800,224500,225700,226700,227800,229100,230100,230800,231700,233000,234300,235200,235900,236600,237200,238000,238800,239100,239600,240300,240600,240900,241700,242900,244300,245800,247100,247800,248000,248100,248500,248600,248300,248600,249600,250200,250700,251700,253000,253800,254300,254800,255500,256100,256300,256300,257100,258800,260000,260500,260900,261800,263200,265400,267300,268700,269600,270400,270600
Wisconsin,20,,,,,,,,,,,,,,,,,99000,99700,100900,102200,102700,102700,102700,102800,103000,103700,104600,105400,105900,106300,106800,107300,107600,108000,108300,109200,110600,111800,112400,112900,113000,112900,113000,113300,113400,113600,114100,114900,115500,115900,115900,116000,116900,118200,119000,119600,120200,120700,121300,122200,123000,123700,124000,124100,124700,125300,125300,125500,126200,126800,127500,127700,127700,127900,128700,129800,130700,131100,131900,132600,133100,133600,134300,135000,135800,136700,137500,138100,138500,138900,139400,140200,140500,140400,140200,140600,141000,141500,142200,143200,143900,144500,145200,146100,147000,147800,148300,148700,149300,150200,151300,152300,153400,154400,154900,155100,155500,156100,156800,157300,157200,156900,156600,156300,156100,156300,156700,156900,157000,157300,157300,157700,158700,159400,159000,158700,158600,158200,157900,157800,157900,157900,157800,157600,157300,156900,156600,156100,155600,155000,154600,154100,154400,155600,156600,156500,156100,155700,155900,156000,156000,155900,155900,155900,154300,151800,150500,150500,150100,149600,149300,148900,148400,147900,147500,147300,147000,146600,146200,145500,144800,144400,144000,143500,143100,142900,142500,142200,142300,142300,141800,141400,141400,141400,141300,141200,141200,141100,141100,141000,141200,141600,141700,141800,142000,142400,142900,143300,143500,143700,144000,144100,144100,144100,144000,144200,144600,144800,145000,145400,145800,145900,146000,146200,146700,147300,147700,148000,148500,148900,149300,149700,150200,150800,151400,151800,152100,152700,153400,153900,154400,155200,156000,156600,157500,158500,159300,160100,161000,162000,163300,164500
Minnesota,21,95700,96200,96200,96200,96200,96200,96200,96300,96600,97300,98200,98900,99400,99900,100200,100600,100900,101400,101900,102500,103200,103900,104900,105800,106400,106700,107100,107500,108300,109000,109700,110500,111600,112500,113600,114800,115700,116500,117700,119200,120600,121800,123000,124300,125500,126600,127500,128500,129800,131100,132500,133900,135300,136800,138300,139400,140600,142100,143400,144800,146500,148100,149500,150700,151800,153100,154200,155100,156200,157400,158400,159300,160300,161600,163000,164400,165800,167200,168500,169700,170600,171600,173100,174600,175800,177000,178100,179100,180100,181100,182200,183300,184400,185500,186400,187100,188000,189100,190500,192100,193500,194500,195600,196900,198300,199400,200600,201900,203100,204000,204700,205600,206300,207000,207800,208500,208900,209300,209700,210100,210600,210800,210500,210000,209500,209200,209200,209000,208800,208600,208300,207700,207000,206200,205100,204000,203100,202500,201700,200700,199700,198500,197000,195300,193400,191600,189900,188500,187100,185500,183700,182100,181600,182400,183000,182300,181400,180500,179600,178500,177600,176900,176300,175900,173800,170100,167500,166900,166500,166200,165800,165200,164200,162700,161300,160400,159900,159400,158300,156400,154600,153500,152900,152100,151300,150600,150100,149200,148500,148200,148400,149200,150300,150900,151300,152100,153300,154600,155700,156700,157600,158800,160200,161300,162200,163000,164100,165300,166200,166900,167700,168700,169800,170600,171200,171700,172400,173000,173600,174200,174900,175600,175800,176200,176800,177500,178100,178600,179200,180000,180900,181700,182300,183300,184400,185500,186500,187600,188600,189600,190900,192200,193300,194500,196000,197400,198700,200100,202000,203800,204900,206200
Colorado,22,128100,128400,128700,128900,129300,129800,130300,130800,131200,131800,132600,133200,133600,134000,134600,135200,135800,136400,137200,137900,138700,139700,140500,141000,141500,141800,142200,142800,143400,144000,144600,145400,146400,147600,148900,150400,152000,153600,155100,156700,158200,159500,160900,162500,163900,165200,166900,168500,170000,171900,173600,175000,176600,178300,180000,181600,183200,184800,186500,188200,189700,191100,192400,193600,194800,195800,196400,197000,197800,198300,198600,199100,199900,200700,201300,202100,202900,203500,203900,204400,204900,205400,205900,206100,206200,206300,206500,206600,206900,207400,208200,208800,209300,209900,210400,210900,211400,211800,212200,212600,212900,213400,214000,214700,215300,216200,217200,218200,218800,219200,219600,220200,220800,221500,222000,222700,223200,223700,224100,224500,225000,225400,225600,225800,226100,226200,226300,226700,226900,226700,226400,226600,226700,226900,227300,227600,227500,227500,227400,227200,226200,224500,223000,222200,221600,221300,221200,221000,220800,220000,218900,217700,216400,215200,214400,213800,213100,212400,211700,211200,210900,211000,211100,210700,212400,215900,217700,217200,216800,216000,215000,214300,213800,213300,212800,212500,211800,210600,209900,209700,209300,208900,208500,207900,207300,207100,206900,206700,206800,207100,207500,208100,209300,210800,212000,212700,213800,215100,216200,217300,218500,219400,220400,222000,223600,225600,227600,229400,230700,231800,232900,234400,235300,236000,237200,238900,240500,242300,244200,246000,247900,249900,252100,254700,257100,259200,261700,264700,267800,270900,274100,277100,280100,282800,285700,288500,290900,292900,295200,297800,300600,303100,305500,308100,310800,313600,316500,319400,321800,323900,325900,328300
Alabama,23,79500,79200,79500,79700,79700,79700,80100,80600,80800,80700,80900,81300,81300,80900,80900,81100,81400,81700,81800,81900,82400,82900,83400,84000,84500,84700,84800,85100,85500,85700,85900,86200,86700,87000,87500,88000,88700,89400,90000,90200,90300,90400,90600,90800,90800,90900,91000,90900,91200,91700,92000,92200,92600,92800,92600,92600,92800,93000,93100,93400,93800,94300,94700,94700,94600,94800,95100,95500,96000,96600,96900,96800,96500,96400,96700,97000,97000,97000,97200,97400,97500,97900,98700,99200,99300,99200,98900,99100,99800,100700,101400,101900,102200,102300,102200,102300,102900,103800,104800,105800,106800,107900,108800,109700,110500,111400,112100,113600,115500,116800,117200,117800,118500,119100,119700,120600,121700,122900,123900,124300,124600,125000,125500,125900,126100,126200,126300,126500,127000,127600,128000,127900,127800,127900,128300,128700,129200,129500,129500,129200,129000,128700,128400,127900,127800,127800,128500,129000,128700,128000,127700,127200,127800,130000,132300,133400,133900,134000,133700,133100,132400,132100,132300,133200,130300,124800,121400,121200,120500,119700,118900,118400,118100,117800,117300,116900,117200,117900,117900,117200,117000,116800,116400,115900,116400,117500,117900,117300,117200,117600,117800,117500,117500,117500,117400,117200,117100,116700,116200,116000,116200,116300,116500,116500,116300,116400,116500,116600,116500,116600,116500,116700,117300,117800,118000,117900,117800,117600,117700,117900,117900,117600,117700,118100,118300,118600,118900,119000,119200,119500,119800,120100,120300,120500,120600,120600,121000,121500,121700,121800,122100,122200,122300,122400,122600,122700,123000,123400,124000,125000,125600,125800
South Carolina,24,80000,80000,80100,80000,79800,79700,79800,80100,80400,80900,81200,81400,81800,82000,82200,82700,83500,83900,84000,84300,84600,84900,85300,85800,86100,86400,86700,87300,88000,88600,89100,89500,89800,90200,90900,91500,92100,92600,92900,93400,94000,94300,94600,95100,95600,96200,96800,97200,97800,98700,99300,99700,99900,100200,100700,101100,101500,101600,101600,101800,102000,102300,102500,102700,102900,103600,104100,104300,104500,104800,105000,105300,105600,105900,106300,106500,106600,106900,107500,108000,108100,108400,108800,109300,109500,109900,110300,110900,111300,111500,111700,112100,112600,112900,113300,113900,114600,115200,115700,116400,117100,117800,118400,119200,120300,121400,122300,123100,124000,124900,125700,126400,127200,128100,129100,130100,131000,131600,132200,132800,133300,133800,134300,135000,135800,136400,136900,137400,137800,138000,137900,137700,137500,137600,137500,137200,137000,136800,136300,135700,134900,134100,133600,133200,132900,132400,132100,131800,131400,130900,130600,130100,130400,131900,133600,134300,134600,134500,134400,134100,133800,133500,133200,133000,132400,131300,130300,129800,129300,129000,128800,128500,128100,127700,127400,127000,126500,126100,125600,125100,124700,124200,123500,122800,122600,122300,122200,122000,122100,122000,121500,120800,120700,120900,121000,120700,120600,120900,121200,121100,121400,121900,122000,122000,122400,122800,122900,122800,122700,123000,123600,123800,124200,124900,125000,124500,124600,125100,125300,125200,125400,125700,126200,126900,126000,123900,122700,123200,123900,124700,124500,126800,128800,127900,126600,127600,128500,128900,130900,134800,135100,133700,135500,137800,138000,139200,140400,141000,141800,143100,144100,144400
Kentucky,25,74300,75100,76200,77300,78300,79000,79500,79700,79900,80100,80400,80400,80300,80400,80700,80900,81100,81400,81800,82400,82800,83400,84100,84700,85100,85400,85700,86100,86500,86900,87100,87300,87500,88000,88600,89000,89400,89700,89900,90100,90300,90500,90800,91100,91400,91900,92500,93000,93400,93800,94000,94200,94700,95000,95200,95400,95900,96300,96500,96900,97400,97900,98400,98900,99300,99400,99500,99600,99900,100400,100800,101000,101200,101500,101800,102100,102300,102500,102900,103400,103700,103900,104000,104100,104300,104600,104900,105000,105100,105500,105800,106200,106800,107400,107900,108500,109100,109500,109800,110200,110800,111200,111800,112300,112600,112800,113100,113200,113300,113700,114000,114100,114400,114800,115100,115300,115400,115400,115200,115200,115500,115700,115800,115900,115900,116100,116200,116200,116500,116500,116500,116300,116000,115900,116000,116100,116000,115800,115800,116000,116100,115900,115600,115700,116000,116200,116100,116000,116000,116300,116400,116000,116100,117500,119300,120200,120400,120400,120400,120700,121200,121600,121600,121500,120700,119200,118300,118300,118200,118100,117900,117700,117400,117100,116900,117300,117600,117500,117200,117000,116700,116600,116700,116800,116900,116700,116500,116500,116800,116900,116800,116800,116900,116800,116900,117000,117100,117000,117100,117200,117300,117300,117400,117600,117700,117700,118000,118200,118100,118000,118000,118100,118100,118300,118500,118500,118700,119100,119500,119600,119500,119600,119900,120100,120600,121000,121200,121500,122000,122400,122500,122800,123300,123900,124300,124600,125100,125700,126100,126500,127000,127600,128100,128600,129300,130200,131000,131600,132100,133000,133600,133700
Oregon,26,124500,125200,125700,126200,126900,127600,128200,129000,129700,130300,131000,131500,132000,132400,132900,133500,134000,134700,135400,136200,137000,137900,138500,139100,139500,139800,139800,139900,140300,140700,140800,141100,141500,141600,142000,142600,143000,143100,143500,144000,144200,144400,144700,145100,145200,145500,146100,146700,147100,147600,148300,148800,149100,149200,149200,149500,149900,150700,151500,152200,152600,153000,153400,153700,153900,154300,154700,155100,155700,156500,157200,158000,158700,159200,159700,160300,161000,161800,162500,163200,164100,165100,166000,166600,167400,168300,169100,170000,170800,171800,173200,174500,175800,176900,177900,179000,180400,182000,183600,185400,187300,189300,191400,193600,195600,197600,200000,202500,205200,208400,212100,215900,220000,224300,228300,232100,235700,238900,241900,245000,248200,251000,253400,255700,257800,259300,260200,261100,262100,262900,263800,264800,265400,265600,265600,265300,264600,263800,262800,261700,260400,259000,257600,256000,254400,252700,251200,249600,248000,246000,243800,241000,239200,238900,238400,236600,234600,232800,230900,229000,227700,226500,225500,225000,223900,221900,220000,218800,217700,216100,214000,211800,209600,207900,206600,205900,205000,203700,202200,200600,198700,197000,196000,195300,194400,193700,193200,192900,192700,192200,192000,192400,193100,193600,194200,194800,195700,196700,197700,198500,198900,199800,201600,203800,206200,208800,211400,213800,215900,217300,218400,219600,221400,223400,224800,225800,226800,228000,229200,230300,231500,232800,234100,235200,236500,237900,239400,241000,243200,245800,248500,251000,253600,256300,259000,261400,263800,266400,269200,271900,274900,277900,281000,284100,287100,290200,293100,295600,298200,300600,303100,305300
Oklahoma,27,56400,56400,56500,56500,56500,56700,56800,57000,57300,57500,57500,57700,58000,58300,58500,58900,59100,59300,59600,59800,60000,60300,60600,60900,61200,61500,61900,61900,62000,62200,62500,62800,63200,63400,63500,63800,64100,64200,64400,64600,64900,65000,65300,65600,65900,66100,66400,66600,66900,67100,67300,67600,68000,68200,68500,68600,68700,69200,69600,69700,69900,70100,70300,70600,71000,71100,71100,71200,71300,71300,71500,71800,72000,72100,72300,72400,72500,72800,72900,73100,73400,73800,74000,74100,74200,74600,75000,75200,75500,75500,75600,76000,76200,76200,76400,76800,77300,77500,77600,77800,78100,78600,79000,79100,79200,79400,79600,79900,80200,80400,80800,81200,81500,81700,82000,82500,82900,83000,83200,83400,83400,83500,83700,83900,84100,84300,84500,84700,84500,84300,84100,84400,84600,84800,85000,85200,85300,85600,85800,86000,86000,85800,85800,86000,86300,86500,86700,86700,86700,86700,86600,86600,86800,87300,87900,88300,88500,88600,88800,89000,89200,89300,89500,89400,90700,92900,93900,93300,93400,93500,93600,93700,94000,94400,94800,95100,94900,94600,94400,94400,94500,94700,94700,94400,94300,94100,94000,94000,93900,93700,93500,93500,93500,93600,93600,93700,93700,93800,93900,94100,94300,94200,94200,94400,94500,94700,95100,95500,95600,95500,95500,95600,95500,95200,95000,95400,95800,95900,95900,96100,96500,96600,96800,97200,97500,97700,98300,99100,100100,101300,102600,103800,105100,106700,108000,109000,109500,109800,110300,110900,111400,111700,111800,112000,112200,112500,113100,113600,114000,114400,115200,115700
Connecticut,28,132000,132400,132700,132900,133100,133200,133100,133200,133500,134000,134600,135100,135300,135600,135900,136100,136400,136700,137100,137600,138200,139000,139800,140700,141200,141300,141400,141500,141800,142100,142400,143100,144000,145000,145900,146800,147600,148500,149500,150500,151200,152300,153500,154600,155500,157000,158700,159900,160700,161800,163100,164500,165500,166400,167200,168400,169500,170700,172200,173700,175100,176300,177400,178600,180200,182000,183800,185300,186900,188500,189900,191300,193100,195300,197400,199900,202400,204500,206600,209100,211500,213800,216100,218400,220600,222400,224200,226000,227700,229500,231500,233500,235400,237300,239200,241400,244000,247000,250200,253200,256200,259200,261900,264300,266500,268700,271000,273100,275100,277200,279200,281200,283400,285400,287100,289000,290500,291300,291800,292600,293100,293400,293400,293300,293000,292900,292900,292800,292500,292100,292400,292900,293000,292700,292000,291100,290400,289600,288800,288000,286500,284300,282200,280800,279500,278300,276800,275300,273900,272800,271600,270000,267900,266200,264700,263000,261200,259400,257800,256600,255900,255600,255300,254600,255500,257500,257600,256100,255500,254600,253400,252300,251200,250100,248600,246900,245300,244500,244200,243500,242000,241500,241800,241500,240300,238500,236700,235800,235000,233700,232900,232500,232100,231600,231200,231400,231400,231300,231500,232300,233200,233700,234100,234800,235600,235900,236200,236700,237400,237900,238500,239200,239200,239100,239300,239500,239800,240700,241400,241200,240600,240200,239800,239500,239000,238600,238400,238600,238700,239000,239300,239400,239400,239400,239000,238600,238500,238400,238300,238700,239400,239900,240100,240200,240800,241700,242600,243100,243300,243500,243800,244500
Iowa,29,,,,,,,,,,,,,,,,,,,,,,,,,,,,,,,,,,,,,,,,,,,,,,,,,,,,,,,,,,,,,,,,,,,,,,,,,,,,,,,,,,,,,,,,,,,,,,,,,,,,,,,,,,,,,,,,,,,,,,,,,,,,,,,,,,,,,,,,,,,,,,,,,,,,,,,,,,,,,,,,,115900,117000,117600,119400,118500,115100,113200,113600,113500,113100,113100,113100,113000,112800,112800,112700,112700,112300,111900,111600,111000,110300,110200,110300,110200,110200,110200,110200,110400,110600,110800,111300,111300,111100,111000,111600,112400,112800,113100,113200,113500,113500,113400,113600,113800,113800,113800,114200,114500,114800,115000,115100,115300,115500,115900,116400,116300,115900,116100,116800,117300,117500,117500,117700,117900,118200,118600,118600,118600,119300,120200,120600,121000,121300,121600,122200,123000,123200,123300,124000,124600,124800,125000,125200,125300,125500,125900,126200,126700,127000,126500,125900
Mississippi,30,64200,64200,64400,64600,65000,65500,65600,65500,65400,65200,65000,65100,65300,65600,65900,66100,66500,67000,67700,68200,68600,68700,68900,69400,70000,70400,70900,71600,72000,72100,72100,71900,72000,72300,72800,73200,73400,73400,73200,73000,73000,73200,73500,73500,73400,73400,73800,74100,73800,73500,73600,74000,74000,73700,73500,73600,73800,74500,75000,75400,75600,75900,76200,76400,76600,76700,76800,76900,77100,77200,77100,76900,76900,77100,76900,76700,76400,76500,76700,77000,77000,77200,77700,78100,78400,78700,79200,80000,80600,80800,80700,80700,81200,81700,81800,82000,82400,82700,83000,83100,83300,83800,84300,84700,85100,84800,84300,84000,84000,84100,84000,83800,83900,84100,84600,85400,85800,85800,85900,86700,87700,88300,88900,89600,90100,90400,91100,91800,92500,93700,94900,95200,95400,95800,96300,96700,97100,97200,97100,97000,97300,98100,98700,99000,99100,99500,100000,100900,102800,105400,107700,109900,112300,114800,117100,119200,121600,124000,126100,127100,127000,126800,126400,125700,123600,120900,119400,119300,118800,117700,116400,115400,114500,113500,112600,111800,111600,111400,111200,110800,110500,110300,110300,110500,110400,110100,109900,109600,109300,109100,108600,107900,107500,107200,107000,106900,107000,107000,107000,107000,107300,107600,107600,107400,107400,107400,107400,107500,107400,107200,107300,107600,107800,108000,108200,108300,108400,108400,108300,108100,108000,108000,107900,108000,108200,108100,108100,108300,108400,108500,108700,108700,108800,109200,109200,109200,109200,109600,109900,109900,109900,109900,110000,110500,111100,111400,111600,111800,111900,112000,112100,112300
Arkansas,31,64400,64400,64400,64300,64100,64100,64300,64500,64700,65000,65300,65800,66500,66900,67000,67100,67200,67400,67700,67900,68200,68300,68400,68700,69000,68900,69000,69200,69400,69500,69700,69800,69900,69700,69700,69700,69700,69800,69700,69900,70200,70500,70500,70600,70900,71100,71300,71600,71600,71900,72200,72500,72800,73100,73400,73600,73700,74200,74700,74900,75200,75600,75900,76100,76200,76100,76100,76100,76100,76000,76200,76400,76700,76700,76800,77200,77700,78200,78600,79000,79300,79600,79900,80400,80800,81500,82000,82200,82500,83100,83500,83900,84600,85200,85500,85800,86300,86700,87200,87700,88200,88700,89200,89600,90000,90700,91600,92400,92900,93600,94200,94900,95500,96100,96700,97500,98100,98600,98800,99000,99300,99700,100100,100400,100800,101200,101600,101900,102100,102300,102500,102900,103300,103800,104300,104800,105100,105200,105300,105700,105800,105500,105400,105300,105100,104900,104900,104800,104700,104400,104200,103900,104000,104400,105000,105200,105300,105300,105200,105400,105600,105800,105800,105800,105700,105600,105400,105200,105400,105500,105200,105000,104800,104400,104200,104200,104300,104400,104500,104300,103900,103500,103300,102900,102500,102500,102400,102300,102300,102100,102000,102300,102600,102700,102900,103100,103300,103800,104300,104500,104700,105000,105200,105500,105800,106200,106500,106600,106900,107100,107200,107200,107300,107200,107300,107600,107800,107900,108000,108200,108300,108200,108300,108300,108100,108000,108000,108000,108200,108700,109400,110100,110400,110700,111000,111500,111800,111900,111900,111900,112100,112500,112800,113100,113600,114200,114900,115700,116400,117200,118300,119200
Kansas,32,,,,,,,,,,,,,,,,,,,,,,,,,,,,,,,,,,,,,,,,,,,,,,,,,,,,,,,,,,,,,,,,,,,,,,,,,,,,,,,,,,,,,,,,,,,,,,,,,,,,,,,,,,,,,,,,,,,,,,,,,,,,,,,,,,,,,,,,,,,,,,,,,,,,,107200,109600,111200,113000,115100,117000,117700,118500,120000,121600,122000,121900,121800,121700,121400,121600,120700,118600,116800,116400,116200,115900,115500,115500,115600,115600,115500,115200,115100,114700,113700,112900,112500,111900,111300,111400,111800,111700,111400,111600,112000,112400,112100,111700,111400,111100,110900,110900,111000,111200,111200,111100,110900,110700,110200,110000,110000,109700,109600,109800,110200,110600,110800,111000,111500,112100,112100,111600,111500,111800,112500,113000,113100,113300,113600,113500,113400,113500,113600,113600,114000,114600,115100,115500,116100,116700,117200,117500,117900,118600,119000,119300,119900,120200,120200,120500,121000,121200,121700,122500,123300,124100,124500,124700
Utah,33,126400,126500,126800,127400,128300,129200,130000,130800,131800,132700,133400,134200,135200,136100,136700,137400,138400,139100,139500,139900,140100,140400,140900,141500,141800,142000,142200,142400,142800,143200,143600,144200,144800,145200,145500,146200,147100,147700,148200,148900,149100,149500,150900,152700,153800,154200,154700,155400,155900,156500,157100,157400,157800,158700,159400,160000,160900,161800,162100,162300,162700,163000,163100,163200,163300,163600,163900,163900,164000,164400,164900,165000,165000,164800,165100,165600,166100,166200,165700,165200,165100,165400,165400,165300,165200,165000,164900,164900,164600,164400,164400,164300,164300,164500,165000,165400,166000,166900,167800,168400,168900,169200,169400,169900,170600,171300,172200,173500,174900,176500,178100,179900,181800,183600,185400,187100,189100,191500,194100,196700,199600,202800,206100,209700,213500,217800,222300,225800,229600,234200,238300,241500,244600,246800,248500,250000,251600,253200,254600,256100,258100,259700,259500,257700,256000,254600,253500,252500,251700,251000,250200,249200,249200,250000,249800,248400,247300,246400,244500,241600,238400,235000,231900,230900,223700,212600,206200,206000,204700,203100,201300,199600,197200,194500,192300,190500,189800,189600,188900,187500,186400,185100,183900,182600,181600,180700,179700,178200,177800,178400,178600,178000,177500,177200,177000,176800,177000,177800,178700,179300,180700,182600,183900,184600,185200,186500,189000,192300,195000,197100,198700,199800,201600,203500,204600,204900,205500,206100,206700,207400,208000,208100,208200,208200,208700,209600,210400,211000,211800,212700,213700,214900,216000,217200,218600,220100,221700,223500,225100,226400,227900,229300,230600,232200,234600,236800,238300,239400,240800,242500,244200,246000
Nevada,34,127300,126800,126200,125900,125800,125800,126100,126400,126800,127200,127700,128300,128700,128900,129000,129300,129500,129800,130000,130200,130400,131100,131600,131500,131400,131700,132200,132700,133000,133400,133800,133700,133500,133500,133700,134000,134300,134500,134900,134900,135000,135300,135800,136400,137200,138100,138900,139300,139500,139900,140400,140800,141400,142100,142600,143200,144000,144800,145500,146300,147000,147600,148100,148900,149600,150400,151300,152700,153900,155000,155800,156500,157300,158100,158600,159200,160100,161000,162000,163300,164900,166500,168000,169400,170800,171900,173300,174900,177000,179500,182500,186000,190100,194700,200400,207300,215600,225300,235900,245500,253900,261100,267300,271900,275000,277200,279500,282400,285300,287800,289900,292500,295600,298200,300500,302900,305600,307700,309200,310200,310700,310400,309600,308700,307500,306000,304600,303000,301300,299800,298200,295700,293300,291000,288900,286900,284700,281700,278400,274800,270500,265900,260900,255700,250100,244400,238700,233300,227600,222300,216800,210400,204700,200900,196900,191800,186300,180700,174600,168600,163900,160400,157400,155200,152800,150100,148200,147400,146500,145400,144100,142700,141400,140400,139400,138900,138200,136800,134600,132600,130900,129400,127900,126500,125300,124300,123500,122900,122800,123200,123800,124300,125000,126000,127600,129500,131200,132700,134100,135800,138000,140600,143500,146400,149300,152600,156700,160800,164400,167800,170800,173400,175400,176800,178100,179700,181200,182900,184300,185200,186000,187200,187900,188900,190700,192200,193400,194800,196500,198300,200200,202100,203900,205700,207700,209300,210300,211200,212500,214000,215900,217200,219200,222000,224200,225300,226600,227900,229200,230500,231900,233700
New Mexico,35,118400,116400,115400,115700,117500,118600,118500,118700,118500,118100,118200,118900,120000,120300,120000,119700,119600,119800,120600,120900,120400,120000,120100,121300,123100,124300,124200,123800,124200,123900,122500,121400,122000,122600,123600,125400,128300,130000,130900,131700,132200,133600,134900,135500,136100,137400,137500,136600,133600,131500,132300,133200,132900,132700,132300,132000,132100,132600,133100,133700,134900,138100,141400,143200,144100,145100,145400,145400,145400,145600,145900,146300,147100,147600,147200,147700,149700,151300,151600,151200,150600,150600,151200,151900,152300,152500,152600,151300,150300,149800,149500,150200,153000,155300,156300,157300,158800,160000,160300,159600,159100,158400,160100,163100,165300,166000,168000,170100,172200,174300,176800,179100,178800,179600,183000,185800,187000,186800,184100,180700,177800,174900,174200,176900,181000,183700,185000,185700,185800,186900,188500,190800,192800,193000,193000,193100,192300,191200,190100,188600,188100,188400,188500,188000,187800,187500,186800,186100,186900,188200,188800,189100,190200,192100,193600,194400,195100,196300,196200,195700,194600,192400,190100,189800,185800,179800,177000,177400,176600,175900,175100,173800,172600,171600,170100,168200,167400,167300,166700,165500,164700,164200,163600,162600,161800,161400,160700,159700,159300,159100,158700,158000,157600,157300,157100,157100,157100,157400,157500,157300,157300,157600,157600,157300,157200,157200,157200,157200,157300,157300,157200,157100,157500,157900,158000,157900,158000,158300,158600,158900,159200,159300,159200,159300,159800,160500,160900,160900,161000,161300,161700,162200,162400,162500,162500,162300,162500,163200,163600,163700,164000,164400,165100,165700,165800,166300,167900,169700,170900,172000,172900,173400
West Virginia,36,,,,,,,,,,,,,,,,,,,,,,,,,,,,,,,,,,,,,,,,,,,,,,,,,,,,,,,,,,,,,,,,,,,,,,,,,,,,,,,,,,,,,,,,,,,,,,,,,,,,,,,,,,,,,,,,,,,,,,,,,,,,,,,,,,,,,,,,,,,,,,,,,,,,,,,,,,,,,,,,,90300,90600,91200,92100,92700,92500,92100,92000,92100,92200,92400,93300,94200,94400,94400,95000,94700,93000,91400,90900,90300,90100,90500,90900,90800,90800,91000,91100,90700,89700,88900,88800,88900,89000,89200,89500,90100,90600,91000,91500,91500,91000,90500,90700,90800,90800,90900,91200,91700,92200,92500,92800,92600,92100,91800,92100,92500,92900,93200,93700,93900,94200,94400,94700,94400,93600,93100,93400,93900,94400,94800,95200,95700,96300,96600,96700,96600,96300,96100,96600,97200,97500,97900,98500,99200,99900,100400,100800,100900,100900,101100,100900
Nebraska,37,82200,82500,82600,82800,83100,83400,83700,83900,84100,84400,84700,85100,85800,86500,86900,87200,87400,87700,88100,88500,88800,89300,89800,90000,90000,90100,90200,90900,91900,92500,93000,93500,93900,94700,95700,96400,96800,97300,98000,98600,98900,98900,98800,99100,99500,100000,100300,100900,101600,102400,103100,103800,104800,105400,105800,106300,106800,107200,107500,107500,107300,107200,107100,106900,106300,106300,106700,107000,107300,107800,108200,108400,108500,108300,108000,108200,108700,109200,109700,110100,110400,110400,110600,110900,111300,112100,113000,113500,113400,113700,114200,114500,114600,115000,115600,116200,116500,116900,117100,117300,117700,118300,118500,118900,119400,119500,119600,120200,121100,121600,121900,122100,122300,122400,122600,123100,123700,124000,124100,124200,124200,124200,124500,124600,124700,124700,124500,124300,124100,124000,124200,124400,124700,125000,125200,125200,125300,125700,126200,126100,125600,125100,124600,124100,123600,123000,122700,123000,123600,123800,123800,123700,123100,122100,121400,121000,120800,120500,120400,120200,120100,120400,121100,121600,122700,124300,125100,124700,124000,123400,123200,123500,123300,121800,120000,118700,118200,118400,118900,119200,120200,121300,121700,121200,120600,119900,119500,119800,120100,120200,120100,120100,120000,120100,120400,120900,121400,122000,122500,122700,122800,123000,123100,123400,123700,124000,124400,124700,124800,125100,125500,125900,126000,126200,126500,126800,126900,127000,127200,127400,128100,128800,129300,129700,130000,130000,130400,131300,132300,132900,133200,133700,134400,135300,136100,136600,136900,137200,137500,138300,139200,139700,140100,140400,140800,141800,143200,144700,145900,146600,147200,147900
Idaho,38,109300,109400,109500,109300,108900,108900,108900,108900,109000,109500,109900,110500,111000,110900,110400,110400,110700,111100,111700,112300,112300,111800,111300,110800,110400,110100,109900,110000,110600,110800,110300,109800,110000,110500,111000,111200,111400,111700,111700,111600,111500,111700,112100,112600,112600,112400,112400,112800,113300,113800,114200,114600,114900,115200,115700,116300,116500,116700,117000,117300,117300,117400,118200,119300,119900,120100,120200,120500,121200,121900,122400,122700,123000,123100,123400,124000,124500,124500,124700,125100,125500,125800,126100,126500,127000,127800,127900,127100,126500,126900,127500,127500,127200,127300,127900,128400,128700,128800,129100,129500,130300,131200,132000,133000,134600,136200,137500,138700,140200,141700,143200,144900,147200,149600,152000,154700,158200,162100,165800,169500,173800,177900,181900,185500,188200,189900,191000,191200,191600,192200,192200,191900,192000,192600,193400,194100,194300,194700,195700,196700,196600,196000,195400,194700,193400,192200,191300,189900,188400,187100,185900,184400,183400,182900,182200,180800,179300,177600,175800,174900,174200,172700,170700,170300,167300,162300,159200,158800,157700,156200,154600,153000,152000,151300,150500,149300,148700,148700,148100,146900,145900,144800,143600,142500,141500,140500,139800,139200,139200,139600,139600,139100,139000,139300,139800,140200,140600,141300,142000,142700,143700,144700,145700,146500,147500,148600,149900,151100,152100,153000,153800,154400,155100,155800,156200,156500,157000,157600,158300,158800,159000,158900,158900,159200,159800,160800,161600,162200,162700,163300,164200,165100,165700,166300,166900,167200,167800,168900,170100,171200,172500,174000,175400,176600,178000,179300,180400,181100,182000,183100,184400,185800
Hawaii,39,227400,224900,223400,221800,220400,219500,219200,218900,218600,218300,218000,217600,216900,216100,215400,215200,215300,215400,214900,213800,212600,211800,211600,211400,210900,210100,209900,210200,210200,209700,209300,208900,209300,210200,211100,211900,213000,213500,213000,211900,210900,210200,210000,209900,209800,210200,211100,212200,213600,214900,216200,217800,220100,222400,224000,225600,227100,228000,228600,229600,231400,233800,236000,237500,238500,239400,240500,241900,243100,244600,246500,248500,249600,251200,253400,255700,258300,261900,265800,269800,274300,278700,282500,286100,290100,294400,298700,303200,307700,312000,316600,321800,327200,332600,337900,343900,351000,358700,367200,375900,384400,392900,401500,410200,419000,428100,437400,446200,454500,462400,470600,480400,490300,498800,506900,513900,519900,526000,532200,537600,542400,544700,545400,545600,545800,545500,545200,545200,544700,543700,543300,543500,543300,542800,542000,540900,540000,538900,537200,534800,531800,528400,524300,519800,516200,513500,510600,506500,502000,496900,491600,486400,483000,481300,478800,473600,468100,463300,459100,455000,451600,449500,448000,446900,444500,441500,439500,439700,440000,440800,441300,440300,438100,436200,435100,434800,435200,434700,433200,431700,430600,429100,426900,425300,424800,424200,423400,423100,422800,423100,424600,427400,429700,431000,432800,434900,436800,438500,439700,440200,441600,443900,446400,448600,451400,455300,460200,464700,469700,474600,479500,484100,487700,490500,492600,493700,494800,496100,498400,502900,508200,512300,515900,518700,521500,524300,526800,529000,532800,536400,538400,540000,542700,545300,547600,550600,554400,557800,559600,559700,560800,564200,568300,570200,570900,573200,577100,581600,584500,586300,590600,598800
Maine,40,87400,87200,87200,87400,87600,87700,88000,88200,88200,88400,88700,88900,89200,89800,90200,90500,90800,91300,92100,93200,93800,94200,95000,96200,97700,98600,99000,99500,99900,100200,100700,101100,101900,102800,103600,104600,105600,106600,107900,109100,110300,111300,112200,113500,114900,115800,116600,117500,118300,119500,120900,122600,125400,127800,128000,126800,126800,127900,129300,130700,132300,134200,136400,138500,139600,141700,144900,147900,149700,151700,153400,154700,155000,155000,155500,156700,158000,158800,159700,160700,162300,164200,166300,168300,171200,174100,176000,176800,177400,177700,179100,181800,184500,186400,188400,190300,191600,192700,193900,195500,197300,199400,201100,203100,205900,208500,209800,210100,210700,211400,212500,213400,214400,215700,217400,218200,218600,219300,220600,220700,220800,221500,222000,220300,218200,216600,215900,214900,213800,212500,211500,210600,210800,211900,212500,212400,212400,213100,213800,214000,213800,213400,211000,212100,212600,208900,204300,205700,207700,207600,204700,201900,198300,195700,194400,192100,189700,188300,187400,186500,185700,183900,182000,181200,179600,176900,175300,175100,175700,176800,178100,178300,178000,177500,177300,176500,176200,176500,177600,178200,177500,176200,176200,176800,177200,178000,179400,180700,181400,181700,181700,181300,180400,180700,180000,175700,170600,166800,163400,160500,159000,157800,155100,151000,148000,145800,142900,140300,139100,139400,140600,142000,143100,144300,145600,146900,148500,150500,152700,155000,157400,159400,160900,162200,164100,166300,168400,170300,172400,174400,176700,179000,180600,180700,180500,180600,180600,180200,179700,179300,179400,179800,179700,178600,177700,177900,178500,178600,179300,180400,181500,182800
New Hampshire,41,97000,97300,97500,97900,98200,98500,98700,98800,98900,99500,100200,100400,100400,100900,101600,102400,103000,103700,104500,105700,106500,107400,108300,109200,109800,110400,111200,112200,113000,113600,113800,114200,114700,115400,116100,116700,117600,118700,119800,120600,121700,123100,124400,125700,127400,129500,131800,133500,134800,136000,137200,138500,140000,141500,142900,144700,147100,149300,151200,152900,154500,155800,157000,159000,161200,162900,164700,166600,168000,169200,170700,172400,174400,176200,177900,179700,182200,185100,187800,189900,191900,194000,195700,197400,199600,202000,204300,206400,207900,209800,212200,214400,216100,217800,219800,222200,224500,227100,229800,231500,232300,233200,234500,236300,238200,240100,242000,243600,245000,246800,248200,249400,250900,252300,253200,253700,253800,254200,254900,255500,255500,255200,254500,253800,253100,252300,251500,250600,249600,248900,248700,248500,248300,247900,247200,246400,245500,244300,243100,242100,240900,239300,237700,236200,234500,232500,230700,229000,227300,225600,224000,222900,221100,219000,217100,215700,214300,213100,211700,210700,209800,209000,208500,208100,209100,210500,210400,209200,208600,208200,207900,207400,207200,207100,206000,204400,202900,201600,200800,200800,200400,199600,199300,199900,200600,200300,199700,199600,199700,199400,198600,197600,196800,196600,196700,197000,196900,197100,197800,198600,198700,199100,199800,200300,200800,202000,203500,204300,204900,205700,206600,207100,207900,208800,209500,209700,210400,211300,212300,212900,213400,213900,214600,215000,215100,215700,217200,219100,220300,221000,221700,222200,222800,223300,223800,224700,225600,226100,226800,228100,229600,230900,231500,231700,232400,233800,235500,237200,238400,239400,241000,242800
Rhode Island,42,113600,114000,114100,114000,113700,113400,113200,113000,113200,113800,114400,114700,114900,114800,114300,114200,114300,114300,114600,115100,115400,115800,116400,116800,116900,117100,117400,117400,117300,117500,117900,118200,118600,119100,119800,120400,121000,121600,122300,123000,124000,124800,125200,126100,127500,129100,131100,133200,134500,135300,136200,137100,138200,139800,141300,142700,144000,145400,146700,148000,149500,151100,152700,154700,156900,159100,161300,163200,165000,167300,169500,171400,173800,176900,180300,183600,186900,190300,193800,197300,200700,203600,206600,209600,212900,216800,220700,224400,228100,231600,235000,238100,241100,244200,247200,250000,252800,255800,259100,262300,265300,268000,270900,274100,277200,279600,282100,284800,287100,288200,288700,289400,290300,291200,292300,293000,293200,292600,291900,291800,292500,293300,293300,292700,291700,290600,289500,288300,287100,285800,284600,283500,282300,280800,279300,278000,276700,274900,273200,271700,270000,267900,265200,261600,257300,253400,250200,247600,244900,242100,238900,235500,233300,233000,233100,232400,231500,230600,229800,229300,229200,229100,229000,228700,228600,228600,228500,228200,228400,228300,227300,225800,224400,223200,222000,220900,220000,219400,219100,218900,218200,216800,215400,213800,212500,212000,211600,210400,208400,206400,205300,204800,204100,203700,204200,205200,205500,205400,205900,207700,209100,209800,209800,209800,210100,211000,212100,212900,213200,213400,213600,213800,214200,214100,213800,214200,215700,217500,219000,220000,220400,219800,219200,219600,220600,220900,220700,221000,221900,223100,224700,226100,227600,229300,230900,232000,232900,234000,235300,236400,237100,237400,237500,238100,239700,241900,244000,245700,247000,248000,249100,250200
Montana,43,,,,,,,,,,,,,,,,,,,,,,96400,96200,96400,96000,95100,94400,93900,93700,93700,93700,93600,94000,94600,94700,94600,95100,96000,96900,97300,97300,97700,98200,98400,98600,99200,99600,99700,99900,100000,99900,99900,100200,100500,100500,100700,101000,101200,101800,102500,103100,103600,103900,104000,104000,104200,104800,105800,107100,108100,108800,109200,109600,110100,110400,110600,110800,110800,110700,110900,111400,112100,112800,113700,114500,115300,116600,118400,119900,121200,122100,122900,123900,125200,126700,128400,129600,130200,130900,132100,133600,134900,136200,137300,138300,139300,140400,141100,142000,143300,144800,146200,147300,148300,149600,150800,152100,153400,154000,154500,155700,156900,157700,158200,159000,160000,161100,162000,163400,165300,166400,166700,167100,168100,168900,169400,169600,170100,171000,171900,173300,175000,175900,176000,176100,176200,176100,176400,178100,181000,183800,186600,190700,195500,199400,201900,204400,206600,209600,212500,213600,212100,209500,207800,198500,185300,179100,180100,179700,179300,178400,177500,176800,176200,175600,175100,176000,177500,177700,176900,176400,175800,175000,173900,172700,171800,171400,170600,170800,171700,171900,171100,170700,170500,170400,170100,169900,170000,170000,169900,170700,172100,172800,172900,173100,173300,173500,173700,174000,174000,174200,174300,175200,176600,177500,177300,177100,177200,177500,177800,178200,178600,179100,179600,180500,181700,182400,182700,183000,183200,183200,183400,183600,183800,184100,184700,186000,187500,188500,188900,189100,189100,189800,190800,191800,192800,194000,195100,196600,198400,199500,200100
Delaware,44,106800,107200,107500,108000,108800,109300,109500,109700,109800,109800,109800,109900,110000,110200,110100,110200,110200,110600,111000,111600,112200,112800,113200,113700,114200,114300,114200,114100,114100,114000,113700,113600,113600,114000,114800,115600,116000,116700,117400,117900,118000,118200,118700,119300,119800,120600,121800,122700,123200,123800,124600,125300,125900,126600,127200,127800,128300,129000,129800,130600,131000,131300,131700,132200,132800,133200,133700,134400,135500,136600,137700,138800,140100,141200,142400,143800,145400,146900,148500,150000,151400,153000,154600,156000,157300,158700,159600,160500,161700,162900,164100,165500,167200,168700,170000,171500,173300,175500,177700,179900,182400,184800,187200,189600,192100,194500,196700,198900,201300,204200,207400,210600,213800,217200,220300,222600,224400,225700,226600,227500,228300,228900,229600,230100,230400,230700,231200,231800,232400,233100,233400,233700,234000,233900,233500,233400,233300,232800,232100,231200,230400,230000,229300,227900,226200,224400,222800,221700,220600,219500,218400,216800,216300,217400,218500,218200,218400,219500,220800,221200,221200,221100,221200,222000,218800,212900,209500,210000,210200,209700,208500,206700,204900,202300,200300,199600,200200,200300,199800,198200,196400,194600,193000,191700,190500,189600,188600,187800,187500,187500,187400,187100,186600,185900,185400,185300,185900,187100,187600,187000,186800,187200,187300,187700,188700,189500,190200,191100,191500,191600,191700,192100,193300,195300,196900,197200,197500,198600,199700,200100,200400,200900,201400,201600,201900,202100,202500,202600,202800,202700,203000,203700,204600,205500,207000,208300,209100,209700,210200,210300,210500,211400,212300,212900,213100,213400,213500,213600,213900,214300,215000,216500
South Dakota,45,,83500,82600,82200,82500,83100,83700,84500,85400,86000,86700,87500,88000,88800,89600,90300,90700,90700,90600,90600,90800,91300,91900,92300,92500,92600,92600,92500,92700,93300,93500,93200,93700,94700,95300,95400,95700,96200,96800,97300,97900,98700,99400,100100,100000,99700,99900,100500,100800,101700,103500,104900,105600,106100,106800,107500,108700,110000,111000,111600,112300,112800,113100,113500,113500,113000,112900,112600,112300,112600,113300,113700,114100,114200,114100,114000,114400,115400,116500,117400,117900,117900,117700,117600,117900,118800,119800,120800,121700,122700,123200,123500,123400,123300,123500,123800,124100,124200,124300,124300,124600,124700,124800,125000,125400,125700,126000,126700,127500,127800,127800,128300,128800,129300,129600,130400,131600,132800,133600,134200,134700,134700,134300,134300,134700,135100,135600,136300,136500,136600,136800,136900,137000,137800,139300,140000,140100,140100,139900,139700,140700,142100,143200,143800,144500,145000,145000,144800,145000,145400,145400,144500,144400,145600,146500,146000,145100,145100,145500,145600,145200,144900,145200,147000,145700,141300,138500,138700,138600,138100,137300,136800,136400,136000,135800,135600,135700,136300,136400,136000,135900,135900,135700,135800,136000,136000,136000,135800,136100,137200,138300,138600,139100,139600,140500,141200,141700,142300,142900,143000,143100,143200,143200,143300,143500,143700,144000,144200,144200,144300,144500,144300,144100,144000,144000,144300,144900,145500,145900,146500,147300,148200,148800,149100,149900,151200,152500,153800,155400,156700,157700,158400,159600,161300,163000,164600,166700,168800,170500,171200,170900,170400,170400,170900,171400,171300,170800,170600,171100,171600,171800,172000
Alaska,46,,,,,,,,,,,,,,,,,,,,,,,,,,,,181900,178100,175500,173400,172100,171800,171400,170200,169100,169300,170400,171500,172400,172800,172800,172500,172200,172200,171900,170700,169800,170300,171600,172900,173900,175400,176800,177700,178500,178800,177700,175700,174200,173900,175100,176700,178000,179000,179800,180100,179600,178700,178200,178200,178400,179400,180500,181100,181800,182600,183400,183900,184200,184400,184900,185600,186500,187500,188600,190200,192000,193400,194800,196400,198200,200100,201700,203000,204200,205300,206300,207600,209100,210300,211100,212300,213800,215600,217900,220500,222900,225200,227500,229700,231900,234400,237300,240400,243500,246800,250100,252100,253100,254200,256000,257800,259400,260900,262200,263100,263700,264500,265700,266600,267100,267400,267700,268000,268300,268500,268500,268500,268800,269600,270900,272000,274000,276400,277600,277700,277300,275500,272700,270200,267700,266200,265300,263700,261200,258600,256000,253700,251900,252100,254100,256000,257600,254300,247200,243400,243800,243200,243100,243300,243300,242900,242200,241400,240800,241100,242100,242700,242400,242100,241900,241500,241200,240900,240700,240400,240000,240200,241000,241200,240800,240700,240900,241500,242100,242500,242700,243000,243100,243700,245000,246000,246300,246500,246900,247500,248100,248500,248700,248700,248700,249200,250000,250500,250800,251500,252100,252700,253500,254000,254200,254200,254200,254800,255800,256500,256800,257500,258200,258600,259100,259500,259800,260200,260900,262100,263500,264400,264800,265600,266100,266000,265800,265700,265400,265300,265700,266300,267000,267400,267100
North Dakota,47,,,,,,,,,,,,,,,,,,,,,,,,,,,,,,,,,,,,,,,,,,,,,,,,,,,,,,,,,,,,,,,,,,,,,,,,,,,,,,,,,,,,,,,,,,,,,,,,,,,,,,,120200,118800,117800,117500,117200,116900,117800,119200,120400,121200,121800,122700,124400,125900,126700,126700,126600,126900,127000,126900,126600,126100,126300,126800,126700,126300,126100,126000,126800,127900,128500,129500,131000,132100,131900,131600,131900,133000,133300,132600,132200,132400,132500,132900,132900,132800,133600,135200,136900,138600,140000,141000,142400,144000,145500,147100,148400,148700,148400,148500,149000,148600,151500,157100,160500,160100,159700,159000,158800,159000,159100,159100,159600,160300,160100,159600,159200,159500,159100,158400,157900,158800,161000,163100,164100,164700,164900,165000,165200,165800,166700,167900,169200,170600,171700,172300,173200,174500,175200,175400,175800,176600,177700,178700,179500,180500,181400,182500,183600,184500,185000,185400,185700,186400,187300,188500,189900,190900,191400,192000,192700,193300,193500,193600,194800,197100,199000,200300,201300,202500,203200,203300,203100,202900,202400,201900,201800,202200,202800,203500,204000,203600,203400,203600,203900,204400,204500,203100,202100,202000
District of Columbia,48,,,,,,,,,,,,,,,,,,,,,,,,,,,,,,,,,,,,,,,127400,128200,128600,129400,130700,132300,134200,136200,137900,139200,140900,144200,147600,148800,148700,148600,148100,147400,147600,148600,149900,150900,152300,154900,158200,161500,164800,167600,170000,172500,175000,177600,180200,183800,188000,193100,199200,204700,208700,212500,216500,221300,226300,230400,234800,239500,243200,246200,249000,251600,255100,259500,263900,268000,272200,276900,282100,287400,292900,298600,304700,311200,318100,325700,332600,338200,343100,347700,351500,355600,360000,364900,370400,375400,378800,381400,385000,389400,392700,394700,396200,397000,397000,396900,396100,395300,395100,395100,395200,395200,394800,395000,396500,398200,398600,397800,397100,397100,397400,397200,396100,394000,390500,386800,383900,381200,378500,376600,374800,372600,369500,366400,364300,362300,359300,356300,354900,353800,351700,349200,347700,347000,346300,345100,344400,343400,347600,355300,359700,360600,363600,366200,366700,366300,365800,365300,364000,365300,366000,362900,358600,358800,360500,360700,359400,358200,357400,358000,359600,360900,362600,364600,366300,366700,366900,367700,369300,372000,376400,380300,382900,384400,386100,388100,390800,393600,396500,400900,405600,409700,413900,419200,424900,429500,432200,435000,438600,442300,445200,447700,450600,454000,457000,459300,461300,463100,463500,464100,467400,473300,480500,488300,495500,500200,501900,502800,504700,506700,507600,506800,505600,505800,507200,509500,512700,516700,521400,526400,530700,535400,540600,548700,557700,560700
Wyoming,49,,,,,,,,,,,,,,,,,,,,,,,,,102700,101500,100500,99500,98500,98300,97600,97200,97700,99100,99800,100200,100900,102100,103300,103700,103400,103300,103800,104400,104000,104000,105100,106600,107400,107800,107800,108300,109600,111600,113300,113900,114100,114200,114100,114600,116000,117800,119400,119800,119100,119500,120600,120900,121200,121800,122300,122800,122600,122300,122200,122400,123500,123800,123800,124700,126200,126400,126700,127300,128200,129100,130800,132300,133200,132200,130600,130800,132000,132400,133000,134700,136600,138600,140400,142900,145600,148500,150900,152500,154000,155900,157600,158600,159600,159700,160500,161800,162900,163800,165600,166900,168100,169400,170000,170400,171000,170500,170000,170400,171000,171500,172800,173800,174400,175700,177600,179000,180400,182500,184400,186000,187200,188300,189600,190600,191400,192000,191800,190700,190400,191000,191000,191100,192700,195400,197700,199900,202300,204700,206300,207300,208800,211300,212000,210300,208300,207300,206000,205800,204500,202400,200400,199500,198300,197500,197100,197100,197200,197200,197300,197300,197800,197800,200700,205700,208100,206900,206300,205400,203200,199900,195900,191800,188500,186300,184000,181500,179900,178900,178400,178400,178400,178400,178400,178100,177800,177800,177400,176500,176000,176000,176400,177000,177400,177800,178300,178700,179000,179300,179400,179300,179100,179100,179400,179900,180700,181400,182100,183000,184100,184800,184800,184600,185000,185600,186000,186500,187500,188600,189900,190900,191700,192400,192800,192400,192300,192400,192700,192800,193100,193500,193900,194000,194000,193900,193800,193500